, Fuel Type, Transmission, Top Speed, Time for 0-100 kmph Acceleration , Mileage - ARAI Reported, Driving Range (km), Engine, Engine Type, Peak Power (bhp@rpm), Peak Torque (Nm@rpm), Turbo / SuperCharger, Drivetrain, Others, Emission Standard, Steering Type, Minimum Turning Radius, Suspension - Front, Suspension - Rear, Wheels Type, Tyres Size - Front, Tyres Size - Rear, Spare Wheel, Bootspace / Dicky Capacity (L), Fuel Tank Capacity (L), Passenger Capacity, Length (mm), Width (mm), Height (mm), Wheelbase (mm), Curb Weight (kgs), No of Seating Rows, No of Doors, NCAP Rating (Best - 5 Star), Airbags, Seat Belt Warning, Child Lock, Anchor Points for Child Seat, Overspeed Warning, Speed Sensing Door Lock, Anti theft Engine immobilizer, Middle rear three-point seatbelt, Flashing Emergency Brake Light , Central Locking, Type of Instrument Cluster / Dashboard Display, Mileage or  Average Fuel Consumption, Real Time Mileage, Average Speed, Distance to Empty, Trip Meter, Low Fuel Warning, Door Not Closed Warning, Adjustable Cluster Brightness, Active Gear Display, Tyre Pressure Monitoring (TPMS), Gear Shift Indicator, Parking Sensors, Parking Assist, Clock, Headlights On Reminder, Tachometer, Integrated Music System, Infotainment Display, Voice Command Support, Android / Apple Connectivity , Steering Mounted Controls, Speakers, FM Radio, Bluetooth Connectivity, USB / Pen-Drive Support, Aux Support, CD Player, MP3 Playback, Cruise Control Driving Mode, Steering Adjustment, Air Conditioner, Heater, Front AC, Rear AC, Vanity Mirrors on Sun Visors, Anti-glare Rear View Mirrors, 12V Power Outlets, Boot Access from the Last Row Seats, Head Rest for Middle Rear Seat, Brake Type - Front, Break Type - Rear, ABS - Anti Lock Braking System, EBD - Electronic Brake-force Distribution, Brake Assist in Emergency (BA), Electronic Stability Program (ESP), Traction Control, Hill Hold Assist, Braking Performance, Seat Upholstery, Adjustment Options - Driver Seat, Adjustment Options - Front Passanger Seat, Adjustment Options - Rear Row Seat, Driver Armrest, Armrest for Rear Seat, Headrests, Rear Passenger Seats Type, Power Windows, WIndow Control: One Touch - Up, Window Control: One Touch -Down, Rain-sensing Wipers, Rear Glass Defogger, Exterior Door Handles, Interior Door Handles, Blinds - Side Window, Blinds - Rear Windshield, Doot Sill Plates, Outside Rear View Mirrors (ORVMs), Adjustable ORVM, Turn Indicators on ORVM, Boot / Dikki Opener, Headlights, Automatic Head Lights, Headlight Height Adjuster, Follow me home head Lights, Daytime Running Lights, Fog Lamps, Tail Light, Interiors, Leather-wrapped Steering, Interior Colour(s), Lights inside Cabin, Ambient or soft Interior Lighting, Cup Holders, Cooled Glove Box, Light inside Glove Box, Storage in Driver Armrest, Pockets inside Door, Pockets in Front Seat-back, Lights on Vanity Mirrors, Reading Lamp for Rear Passengers, Sunglass Holder, Sunroof / Moonroof, Roof Mounted Antenna, Body Coloured Bumpers, Warranty (Years), Warranty (Max Kilometres), Battery Warranty (Max Kilometres), Seat Adjustment,NAME, Wireless Charger, GPS & Navigation, Chrome Finish Exhaust pipe, 4x4 or All Wheel Drive, Unit / Display Size, Hill Descent Control, Ride Height Adjustment, Folding Rear Seat, Split Rear Seat, High-beam Assist, Lane Departure Warning, iPod Compatibility, Internal Hard-disk, Push Button Start / Stop, Cornering Headlights, Leather-wrapped Gear Knob, Body Kit, Rub - Strips, Ground Clearance (mm), Differential Lock, Electric Motor, Battery, Puncture Repair Kit, Gesture Control Support, Display for Rear Passengers, Adjustment Options - Third Row Seat, Third Row Seats Type, Split Third Row Seat, Rear Wiper, Puddle Lights, Third Row Cup Holders, Battery Warranty (Years), Seat Base Sliding, Peak Motor Performance, Alternate Fuel, Forward Collision Warning , Automatic Emergency Braking, Find My Car, Vehicle Status on App, Remote Car Lock/Unlock Via app, Remote AC Control Via app, Remote Car Light Flashing & Honking Via app, Emergency Call, Over The Air (OTA) Updates, Geo-Fence, Heads Up Display (HUD), DVD Playback, Limited Slip Differential (LSD), Ventilated Seats, Ventilated Seat Type, Alexa Compatibility, Four Wheel Steering
0, Petrol," Automatic (DCT) - 7 Gears, Paddle Shift, Sport Mode", 241, 7.3, 17.4, 941," 1984 cc, 4 Cylinders Inline, 4 Valves/Cylinder, DOHC", 2.0L I4 TFSI, 188 bhp @ 4200 rpm, 320 Nm @ 1450 rpm, Turbocharged, FWD," Regenerative Braking, Idle Start/Stop", BS 6, Power assisted (Electric), 5.8, 5-link Suspension with Tubular Anti-roll Bar, 5-link Suspension with Tubular Anti-roll Bar, Alloy Wheels, 225 / 50 R17, 225 / 50 R17, Alloy, 460, 54, 5, 4762, 1847, 1433, 2819, 1550, 2, 4, 5 Star (Euro NCAP)," 8 Airbags (Driver, Passenger, 2 Curtain, Driver Side, Front Passenger Side, 2 Rear Passenger Side)",No information,No information,No information," 1 beep over 80kmph, Continuous beeps over 120kmph ",No information,No information,No information,No information, Keyless, Analogue,No information,No information,No information,No information, Multi-Function Display,No information,No information,No information,No information,No information, Dynamic, Rear, Reverse Camera with Guidance, Digital,No information, Analogue,No information, Touch-screen Display,No information," Android Auto (Yes), Apple Car Play (Yes)",No information, 6+,No information, Phone & Audio Streaming,No information,No information,No information,No information,No information, Tilt & Telescopic, Yes (Automatic Three Zone),No information," Two Zones, Individual Fan Speed Controls"," Separate Zone, Vents Behind Front Armrest, Individual Fan Speed Controls", Driver & Co-Driver, Electronic - Internal Only, 2,No information,No information, Disc, Disc,No information,No information,No information,No information,No information,No information, 41.6, Leather," 12 way electrically adjustable (seat forward / back, backrest tilt forward / back, seat height up / down, lumbar up / down, lumbar forward / back, seat base angle up / down) + 2 way manually adjustable (headrest up / down)"," 12 way electrically adjustable (seat forward / back, backrest tilt forward / back, seat height up / down, lumbar up / down, lumbar forward / back, seat base angle up / down) + 2 way manually adjustable (headrest up / down)", 2 way manually adjustable (headrest up / down),No information,No information, Front & Rear, Bench, Front & Rear, All, All,No information,No information, Body Coloured, Painted, Rear - Manual, Electric, Plastic, Body Coloured, Electrically Adjustable & Retractable,No information, Internal with Remote, LED,No information,No information,No information, LED, LED on front, LED, Dual Tone,No information," Black / Atlas Beige with Sliver Aluminum Ellipse Trim, Black / Okapi Brown with Sliver Aluminum Ellipse Trim", Front and Rear,No information, Front & Rear,No information,No information,No information, Front & Rear,No information, Co-Driver Only,No information,No information, Electrically Adjustable,No information,No information, 2, Unlimited,No information, 2 Way,Audi A4 Premium 40 TFSI,,,,,,,,,,,,,,,,,,,,,,,,,,,,,,,,,,,,,,,,,,,,,,,,,,,,
1, Petrol," Automatic (DCT) - 7 Gears, Paddle Shift, Sport Mode", 241, 7.3, 17.4, 941," 1984 cc, 4 Cylinders Inline, 4 Valves/Cylinder, DOHC", 2.0L I4 TFSI, 188 bhp @ 4200 rpm, 320 Nm @ 1450 rpm, Turbocharged, FWD," Regenerative Braking, Idle Start/Stop", BS 6, Power assisted (Electric), 5.8, 5-link Suspension with Tubular Anti-roll Bar, 5-link Suspension with Tubular Anti-roll Bar, Alloy Wheels, 225 / 50 R17, 225 / 50 R17, Alloy, 460, 54, 5, 4762, 1847, 1433, 2819, 1550, 2, 4, 5 Star (Euro NCAP)," 8 Airbags (Driver, Passenger, 2 Curtain, Driver Side, Front Passenger Side, 2 Rear Passenger Side)",No information,No information,No information," 1 beep over 80kmph, Continuous beeps over 120kmph ",No information,No information,No information,No information, Keyless, Analogue,No information,No information,No information,No information, Multi-Function Display,No information,No information,No information,No information,No information, Dynamic, Rear, Reverse Camera with Guidance, Digital,No information, Analogue,No information, Touch-screen Display,No information," Android Auto (Yes), Apple Car Play (Yes)",No information, 6+,No information, Phone & Audio Streaming,No information,No information,No information,No information,No information, Tilt & Telescopic, Yes (Automatic Three Zone),No information," Two Zones, Individual Fan Speed Controls"," Separate Zone, Vents Behind Front Armrest, Individual Fan Speed Controls", Driver & Co-Driver, Electronic - Internal Only, 2,No information,No information, Disc, Disc,No information,No information,No information,No information,No information,No information, 41.6, Leather," 12 way electrically adjustable (seat forward / back, backrest tilt forward / back, seat height up / down, lumbar up / down, lumbar forward / back, seat base angle up / down) + 2 way manually adjustable (headrest up / down)"," 12 way electrically adjustable (seat forward / back, backrest tilt forward / back, seat height up / down, lumbar up / down, lumbar forward / back, seat base angle up / down) + 2 way manually adjustable (headrest up / down)", 2 way manually adjustable (headrest up / down),No information,No information, Front & Rear, Bench, Front & Rear, All, All,No information,No information, Body Coloured, Painted, Rear - Manual, Electric, Plastic, Body Coloured, Electrically Adjustable & Retractable,No information, Internal with Remote, LED,No information,No information,No information, LED, LED on front, LED, Dual Tone,No information," Black / Atlas Beige with Sliver Aluminum Ellipse Trim, Black / Okapi Brown with Sliver Aluminum Ellipse Trim", Front and Rear,No information, Front & Rear,No information,No information,No information, Front & Rear,No information, Co-Driver Only,No information,No information, Electrically Adjustable,No information,No information, 2, Unlimited,No information, 2 Way,Audi A4 Premium Plus 40 TFSI,,,,,,,,,,,,,,,,,,,,,,,,,,,,,,,,,,,,,,,,,,,,,,,,,,,,
2, Petrol," Automatic (DCT) - 7 Gears, Paddle Shift, Sport Mode", 241, 7.3, 17.4, 941," 1984 cc, 4 Cylinders Inline, 4 Valves/Cylinder, DOHC", 2.0L I4 TFSI, 188 bhp @ 4200 rpm, 320 Nm @ 1450 rpm, Turbocharged, FWD," Regenerative Braking, Idle Start/Stop", BS 6, Power assisted (Electric), 5.8, 5-link Suspension with Tubular Anti-roll Bar, 5-link Suspension with Tubular Anti-roll Bar, Alloy Wheels, 225 / 50 R17, 225 / 50 R17, Alloy, 460, 54, 5, 4762, 1847, 1433, 2819, 1555, 2, 4, 5 Star (Euro NCAP)," 8 Airbags (Driver, Passenger, 2 Curtain, Driver Side, Front Passenger Side, 2 Rear Passenger Side)",No information,No information,No information," 1 beep over 80kmph, Continuous beeps over 120kmph ",No information,No information,No information,No information, Keyless, Analogue,No information,No information,No information,No information, Multi-Function Display,No information,No information,No information,No information,No information, Dynamic, Rear, Reverse Camera with Guidance, Digital,No information, Analogue,No information, Touch-screen Display,No information," Android Auto (Yes), Apple Car Play (Yes)",No information, 6+,No information, Phone & Audio Streaming,No information,No information,No information,No information,No information, Tilt & Telescopic, Yes (Automatic Three Zone),No information," Two Zones, Individual Fan Speed Controls"," Separate Zone, Vents Behind Front Armrest, Individual Fan Speed Controls", Driver & Co-Driver, Electronic - Internal Only, 2,No information,No information, Disc, Disc,No information,No information,No information,No information,No information,No information, 41.6, Leather," 12 way electrically adjustable (seat forward / back, backrest tilt forward / back, seat height up / down, lumbar up / down, lumbar forward / back, seat base angle up / down) + 2 way manually adjustable (headrest up / down)"," 12 way electrically adjustable (seat forward / back, backrest tilt forward / back, seat height up / down, lumbar up / down, lumbar forward / back, seat base angle up / down) + 2 way manually adjustable (headrest up / down)", 2 way manually adjustable (headrest up / down),No information,No information, Front & Rear, Bench, Front & Rear, All, All,No information,No information, Body Coloured, Chrome, Rear - Manual, Electric, Plastic, Body Coloured, Electrically Adjustable & Retractable,No information, Internal with Remote, LED,No information,No information,No information, LED, LED on front, LED, Dual Tone,No information," Black / Atlas Beige with Black Piano Lacquer Trim, Black / Okapi Brown with Black Piano Lacquer Trim", Front and Rear,No information, Front & Rear,No information,No information,No information, Front & Rear,No information, Co-Driver Only,No information,No information, Electrically Adjustable,No information,No information, 2, Unlimited,No information, 2 Way,Audi A4 Technology 40 TFSI,No information,No information,No information,,,,,,,,,,,,,,,,,,,,,,,,,,,,,,,,,,,,,,,,,,,,,,,,,
3, Petrol," Automatic (DCT) - 7 Gears, Manual Override, Sport Mode", 222, 7.3, 14.93, 896," 1984 cc, 4 Cylinders Inline, 4 Valves/Cylinder, DOHC", 2.0L TFSI Turbocharged I4, 188 bhp @ 4200 rpm, 320 Nm @ 1500 rpm, Turbocharged, AWD," Regenerative Braking, Idle Start/Stop", BS 6, Power assisted (Electric), 5.5, McPherson Struts, 4-Link Axle, Alloy Wheels, 235 / 55 R18, 235 / 55 R18, Space Saver, 355, 62.4, 5, 4485, 1849, 1616, 2680, 1700, 2, 5, 5 Star (Euro NCAP),,No information,No information,No information," 1 beep over 80kmph, Continuous beeps over 120kmph ",No information,No information,,, Remote, Digital,No information,,No information,No information, Multi-Function Display,No information,No information,No information,No information,No information, Dynamic, Rear, Reverse Camera, Digital,No information, Analogue,No information, Touch-screen Display,No information," Android Auto (Yes), Apple Car Play (Yes)",No information, 10,No information, Phone & Audio Streaming,No information,No information,No information,No information,No information, Tilt & Telescopic, Yes (Automatic Dual Zone),No information," Two Zones, Individual Fan Speed Controls"," Vents Behind Front Armrest, Common Fan Speed Control", Driver & Co-Driver, Electronic - Internal Only, 1,,No information, Ventilated Disc, Ventilated Disc,No information,No information,No information,No information,No information,No information, 36.92, Leather," 10 way electrically adjustable (seat forward / back, backrest tilt forward / back, seat height up / down, lumbar up / down, lumbar forward / back) + 2 way manually adjustable (headrest up / down)"," 10 way electrically adjustable (seat forward / back, backrest tilt forward / back, seat height up / down, lumbar up / down, lumbar forward / back) + 2 way manually adjustable (headrest up / down)"," 4 way manually adjustable (backrest tilt forward / back, headrest up / down)",No information,No information, Front & Rear, Bench, Front & Rear, All, All,No information,No information, Body Coloured, Painted,,, Aluminium, Body Coloured, Electrically Adjustable & Retractable,No information, Internal with Remote, LED,,No information,, LED," LED on front, Halogen on rear", LED, Dual Tone,No information, Okapi Brown and Pearl Beige, Front and Rear,No information, Front Only,No information,No information,No information, Front,No information,,,, Panoramic Sunroof,No information,No information, 3, 50000, Not Applicable, 4 Way,Audi Q3 40 TFSI Premium Plus,No information,No information,No information, Full-time, Not Applicable,No information,No information, Full, 60:40 split,,,,,,,,,,,,,,,,,,,,,,,,,,,,,,,,,,,,,,,,,,,
4, Petrol," Automatic (DCT) - 7 Gears, Manual Override, Sport Mode", 222, 7.3, 14.93, 896," 1984 cc, 4 Cylinders Inline, 4 Valves/Cylinder, DOHC", 2.0L TFSI Turbocharged I4, 188 bhp @ 4200 rpm, 320 Nm @ 1500 rpm, Turbocharged, AWD," Regenerative Braking, Idle Start/Stop", BS 6, Power assisted (Electric), 5.5, McPherson Struts, 4-Link Axle, Alloy Wheels, 235 / 55 R18, 235 / 55 R18, Space Saver, 355, 62.4, 5, 4485, 1849, 1616, 2680, 1700, 2, 5, 5 Star (Euro NCAP),,No information,No information,No information," 1 beep over 80kmph, Continuous beeps over 120kmph ",No information,No information,,, Remote, Digital,No information,,No information,No information, Multi-Function Display,No information,No information,No information,No information,No information, Dynamic, Rear, Reverse Camera, Digital,No information, Analogue,No information, Touch-screen Display,No information," Android Auto (Yes), Apple Car Play (Yes)",No information, 10,No information, Phone & Audio Streaming,No information,No information,No information,No information,No information, Tilt & Telescopic, Yes (Automatic Dual Zone),No information," Two Zones, Individual Fan Speed Controls"," Vents Behind Front Armrest, Common Fan Speed Control", Driver & Co-Driver, Electronic - Internal Only, 1,,No information, Ventilated Disc, Ventilated Disc,No information,No information,No information,No information,No information,No information, 36.92, Leather," 10 way electrically adjustable (seat forward / back, backrest tilt forward / back, seat height up / down, lumbar up / down, lumbar forward / back) + 2 way manually adjustable (headrest up / down)"," 10 way electrically adjustable (seat forward / back, backrest tilt forward / back, seat height up / down, lumbar up / down, lumbar forward / back) + 2 way manually adjustable (headrest up / down)"," 4 way manually adjustable (backrest tilt forward / back, headrest up / down)",No information,No information, Front & Rear, Bench, Front & Rear, All, All,No information,No information, Body Coloured, Painted,,, Aluminium, Body Coloured, Electrically Adjustable & Retractable,No information, Internal with Remote, LED,,No information,, LED," LED on front, Halogen on rear", LED, Dual Tone,No information, Okapi Brown and Pearl Beige, Front and Rear, Multi-colour, Front Only,No information,No information,No information, Front,No information,,,, Panoramic Sunroof,No information,No information, 3, 50000, Not Applicable, 4 Way,Audi Q3 40 TFSI Technology,No information,No information,No information, Full-time, Not Applicable,No information,No information, Full, 60:40 split,,,,,,,,,,,,,,,,,,,,,,,,,,,,,,,,,,,,,,,,,,,
5, Petrol," Automatic (DCT) - 7 Gears, Manual Override & Paddle Shift, Sport Mode", 222, 7.3,,," 1984 cc, 4 Cylinders Inline, 4 Valves/Cylinder, DOHC", 2.0L TFSI Turbocharged I4, 188 bhp @ 4200 rpm, 320 Nm @ 1500 rpm, Turbocharged, AWD," Regenerative Braking, Idle Start/Stop", BS 6, Power assisted (Electric), 5.5, McPherson Struts, 4-Link Axle, Alloy Wheels, 235 / 55 R18, 235 / 55 R18, Space Saver, 530, 62.4, 5, 4518, 1843, 1558, 2680, 1705, 2, 5, 5 Star (Euro NCAP),,No information,No information,No information," 1 beep over 80kmph, Continuous beeps over 120kmph ",No information,No information,,, Remote, Digital,No information,,No information,No information, Multi-Function Display,No information,No information,No information,No information,No information, Dynamic, Rear, Reverse Camera, Digital,No information, Analogue,No information, Touch-screen Display,No information," Android Auto (Yes), Apple Car Play (Yes)",No information, 10,No information, Phone & Audio Streaming,No information,No information,No information,No information,No information, Tilt & Telescopic, Yes (Automatic Dual Zone),No information," Two Zones, Individual Fan Speed Controls"," Vents Behind Front Armrest, Common Fan Speed Control", Driver & Co-Driver, Electronic - Internal Only, 1,,No information, Ventilated Disc, Ventilated Disc,No information,No information,No information,No information,No information,No information, 36.92, Leather," 10 way electrically adjustable (seat forward / back, backrest tilt forward / back, seat height up / down, lumbar up / down, lumbar forward / back) + 2 way manually adjustable (headrest up / down)"," 10 way electrically adjustable (seat forward / back, backrest tilt forward / back, seat height up / down, lumbar up / down, lumbar forward / back) + 2 way manually adjustable (headrest up / down)"," 4 way manually adjustable (backrest tilt forward / back, headrest up / down)",No information,No information, Front & Rear, Bench, Front & Rear, All, All,No information,No information, Body Coloured, Painted,,, Aluminium, Body Coloured, Electrically Adjustable & Retractable,No information, Internal with Remote, LED,,No information,, LED," LED on front, Halogen on rear", LED, Dual Tone,No information, Okapi Brown and Pearl Beige, Front and Rear, Multi-colour, Front Only,No information,No information,No information, Front,No information,,,, Panoramic Sunroof,No information,No information, 3, 50000, Not Applicable, 4 Way,Audi Q3 Sportback Technology Plus S-line,No information,No information,No information, Full-time, Not Applicable,No information,No information, Full, 60:40 split,,,,,,,,,,,,,,,,,,,,,,,,,,,,,,,,,,,,,,,,,,,
6, Petrol," Automatic (DCT) - 7 Gears, Manual Override & Paddle Shift, Sport Mode", 250, 6.8, 14, 1022," 1984 cc, 4 Cylinders Inline, 4 Valves/Cylinder, DOHC", 2.0L I4 TFSI, 241 bhp @ 5000 rpm, 370 Nm @ 1600 rpm, Turbocharged, FWD,  Idle Start/Stop, BS 6, Power assisted (Electric), 5.5, Five-link front suspension; tubular anti-roll bar, Five-link front suspension; tubular anti-roll bar , Alloy Wheels, 225 / 55 R18, 225 / 55 R18, Space Saver, 530, 73, 5, 4939, 1886, 1457, 2924, 1780, 2, 4, 5 Star (Euro NCAP)," 6 Airbags (Driver, Front Passenger, 2 Curtain, Driver Side, Front Passenger Side)",No information,No information,No information," 1 beep over 80kmph, Continuous beeps over 120kmph ",No information,No information,No information,No information, Remote with Boot Opener, Analogue - Digital ,No information,No information,No information,No information, Electronic 2 Trips,No information,No information,No information,No information,No information, Dynamic, Front & Rear, Reverse Camera with Guidance, Digital,No information, Analogue,No information, Touch-screen Display,No information," Android Auto (Yes), Apple Car Play (Yes)",No information, 6+,No information, Phone & Audio Streaming,No information,No information,,No information,No information, Tilt & Telescopic, Yes (Automatic Dual Zone),No information," Two Zones, Individual Fan Speed Controls"," Blower, Vents Behind Front Armrest, Common Fan Speed Control", Driver & Co-Driver, Electronic - All, 2,No information,No information, Disc, Disc,No information,No information,No information,No information,No information,No information, 39.8, Leather," 12 way electrically adjustable with 2 memory presets (seat forward / back, backrest tilt forward / back, seat height up / down, lumbar up / down, lumbar forward / back, seat base angle up / down) + 2 way manually adjustable (headrest up / down)"," 12 way electrically adjustable (seat forward / back, backrest tilt forward / back, seat height up / down, lumbar up / down, lumbar forward / back, seat base angle up / down) + 2 way manually adjustable (headrest up / down)", 2 way manually adjustable (headrest up / down),No information, With Cup Holder, Front & Rear, Bench, Front & Rear, All, All,No information,No information, Body Coloured, Chrome, Rear - Manual, Electric, Plastic, Body Coloured, Electrically Adjustable & Retractable,No information, Electric Tailgate Release, LED,No information,No information,No information, LED," LED on front, Halogen on rear", LED, Dual Tone,No information," Mother-of-Pearl Beige / Black, Okapi Brown / Black", Front and Rear, Multi-colour, Front & Rear,,No information,No information, Front & Rear,No information, Driver & Co-Driver,No information,, Panoramic Sunroof,No information,No information, 2, Unlimited,No information, 2 Way,Audi A6 Premium Plus 45 TFSI,,No information,,,,,, Full, 60:40 split,No information,No information,No information,No information,No information, Intelligent,No information,,,,,,,,,,,,,,,,,,,,,,,,,,,,,,,,,,,,
7, Petrol," Automatic (DCT) - 7 Gears, Manual Override & Paddle Shift, Sport Mode", 250, 6.8, 14, 1022," 1984 cc, 4 Cylinders Inline, 4 Valves/Cylinder, DOHC", 2.0L I4 TFSI, 241 bhp @ 5000 rpm, 370 Nm @ 1600 rpm, Turbocharged, FWD,  Idle Start/Stop, BS 6, Power assisted (Electric), 5.5, Five-link front suspension; tubular anti-roll bar, Five-link front suspension; tubular anti-roll bar , Alloy Wheels, 225 / 55 R18, 225 / 55 R18, Space Saver, 530, 73, 5, 4939, 1886, 1457, 2924, 1780, 2, 4, 5 Star (Euro NCAP)," 6 Airbags (Driver, Front Passenger, 2 Curtain, Driver Side, Front Passenger Side)",No information,No information,No information," 1 beep over 80kmph, Continuous beeps over 120kmph ",No information,No information,No information,No information, Keyless, Digital,No information,No information,No information,No information, Electronic 2 Trips,No information,No information,No information,No information,No information, Dynamic, Front & Rear, Reverse Camera with Guidance, Digital,No information, Digital,No information, Touch-screen Display,No information," Android Auto (Yes), Apple Car Play (Yes)",No information, 6+,No information, Phone & Audio Streaming,No information,No information,,No information,No information, Electric Tilt & Telescopic, Yes (Automatic Four Zone),No information," Two Zones, Individual Fan Speed Controls"," Two Zones, Vents Behind Front Armrest, Individual Fan Speed Controls", Driver & Co-Driver, Electronic - All, 2,No information,No information, Disc, Disc,No information,No information,No information,No information,No information,No information, 39.8, Leather," 12 way electrically adjustable with 2 memory presets (seat forward / back, backrest tilt forward / back, seat height up / down, lumbar up / down, lumbar forward / back, seat base angle up / down) + 2 way manually adjustable (headrest up / down)"," 12 way electrically adjustable (seat forward / back, backrest tilt forward / back, seat height up / down, lumbar up / down, lumbar forward / back, seat base angle up / down) + 2 way manually adjustable (headrest up / down)", 2 way manually adjustable (headrest up / down),No information, With Cup Holder, Front & Rear, Bench, Front & Rear, All, All,No information,No information, Body Coloured, Chrome, Rear - Manual, Electric, Plastic, Body Coloured, Electrically Adjustable & Retractable,No information, Electric Tailgate Release, LED,No information,No information,No information, LED," LED on front, Halogen on rear", LED, Dual Tone,No information," Mother-of-Pearl Beige / Black, Okapi Brown / Black", Front and Rear, Multi-colour, Front & Rear,,No information,No information, Front & Rear,No information, Driver & Co-Driver,No information,, Panoramic Sunroof,No information,No information, 2, Unlimited,No information, 2 Way,Audi A6 Technology 45 TFSI W/O Matrix,No information,No information,,,,,, Full, 60:40 split,No information,No information,No information,No information,No information, Intelligent,No information,,,,,,,,,,,,,,,,,,,,,,,,,,,,,,,,,,,,
8, Petrol," Automatic (DCT) - 7 Gears, Manual Override & Paddle Shift, Sport Mode", 250, 6.8, 14, 1022," 1984 cc, 4 Cylinders Inline, 4 Valves/Cylinder, DOHC", 2.0L I4 TFSI, 241 bhp @ 5000 rpm, 370 Nm @ 1600 rpm, Turbocharged, FWD,  Idle Start/Stop, BS 6, Power assisted (Electric), 5.5, Five-link front suspension; tubular anti-roll bar, Five-link front suspension; tubular anti-roll bar , Alloy Wheels, 225 / 55 R18, 225 / 55 R18, Space Saver, 530, 73, 5, 4939, 1886, 1457, 2924, 1780, 2, 4, 5 Star (Euro NCAP)," 6 Airbags (Driver, Front Passenger, 2 Curtain, Driver Side, Front Passenger Side)",No information,No information,No information," 1 beep over 80kmph, Continuous beeps over 120kmph ",No information,No information,No information,No information, Keyless, Digital,No information,No information,No information,No information, Electronic 2 Trips,No information,No information,No information,No information,No information, Dynamic, Front & Rear, Reverse Camera with Guidance, Digital,No information, Digital,No information, Touch-screen Display,No information," Android Auto (Yes), Apple Car Play (Yes)",No information, 6+,No information, Phone & Audio Streaming,No information,No information,,No information,No information, Electric Tilt & Telescopic, Yes (Automatic Four Zone),No information," Two Zones, Individual Fan Speed Controls"," Two Zones, Vents Behind Front Armrest, Individual Fan Speed Controls", Driver & Co-Driver, Electronic - All, 2,No information,No information, Disc, Disc,No information,No information,No information,No information,No information,No information, 39.8, Leather," 12 way electrically adjustable with 2 memory presets (seat forward / back, backrest tilt forward / back, seat height up / down, lumbar up / down, lumbar forward / back, seat base angle up / down) + 2 way manually adjustable (headrest up / down)"," 12 way electrically adjustable (seat forward / back, backrest tilt forward / back, seat height up / down, lumbar up / down, lumbar forward / back, seat base angle up / down) + 2 way manually adjustable (headrest up / down)", 2 way manually adjustable (headrest up / down),No information, With Cup Holder, Front & Rear, Bench, Front & Rear, All, All,No information,No information, Body Coloured, Chrome, Rear - Manual, Electric, Plastic, Body Coloured, Electrically Adjustable & Retractable,No information, Electric Tailgate Release, LED,No information,No information,No information, LED," LED on front, Halogen on rear", LED, Dual Tone,No information," Mother-of-Pearl Beige / Black, Okapi Brown / Black", Front and Rear, Multi-colour, Front & Rear,,No information,No information, Front & Rear,No information, Driver & Co-Driver,No information,, Panoramic Sunroof,No information,No information, 2, Unlimited,No information, 2 Way,Audi A6 Technology 45 TFSI,No information,No information,,,,,, Full, 60:40 split,No information,No information,No information,No information,No information, Intelligent,No information,,,,,,,,,,,,,,,,,,,,,,,,,,,,,,,,,,,,
9, Petrol," Automatic (DCT) - 7 Gears, Manual Override & Paddle Shift, Sport Mode", 237, 6.3, 13.4, 943," 1984 cc, 4 Cylinders Inline, 4 Valves/Cylinder, DOHC", 2.0L TFSI Turbocharged I4, 249 bhp @ 5000 rpm, 370 Nm @ 1600 rpm, Turbocharged, 4WD / AWD, Regenerative Braking, BS 6, Power assisted (Electric),," 5-link, Tubular Anti-roll Bar"," 5-link, Tubular Anti-roll Bar", Alloy Wheels, 235 / 55 R19, 235 / 55 R19, Alloy, 520, 70, 5, 4682, 1893, 1655, 2819, 1875, 2, 5, 5 Star (Euro NCAP)," 8 Airbags (Driver, Passenger, 2 Curtain, Driver Side, Front Passenger Side, 2 Rear Passenger Side)",No information,No information,No information," 1 beep over 80kmph, Continuous beeps over 120kmph ",No information,No information,No information,No information, Remote, Analogue - Digital ,No information,,No information,No information, Multi-Function Display,No information,No information,No information,No information,No information, Dynamic, Front & Rear, Reverse Camera, Digital,No information, Analogue,No information, Digital Display,No information," Android Auto (Wired), Apple Car Play (Wired)",No information, 6+,No information, Phone & Audio Streaming,No information,No information,,No information,No information, Tilt & Telescopic, Yes (Automatic Three Zone),No information," Two Zones, Individual Fan Speed Controls"," Separate Zone, Vents Behind Front Armrest, Individual Fan Speed Controls", Driver & Co-Driver, Electronic - All, 2,No information,No information, Disc, Disc,No information,No information,No information,No information,No information,No information,, Leather," 12 way electrically adjustable with 2 memory presets (seat forward / back, backrest tilt forward / back, seat height up / down, lumbar up / down, lumbar forward / back, seat base angle up / down) + 2 way manually adjustable (headrest up / down)"," 12 way electrically adjustable (seat forward / back, backrest tilt forward / back, seat height up / down, lumbar up / down, lumbar forward / back, seat base angle up / down) + 2 way manually adjustable (headrest up / down)"," 4 way manually adjustable (backrest tilt forward / back, headrest up / down)",No information,No information, Front & Rear, Bench, Front & Rear, All, All,No information,No information, Body Coloured, Chrome, Rear - Manual,, Aluminium, Body Coloured, Electrically Adjustable & Retractable,No information, Electric Opening and Closing, LED,No information,No information,No information, LED, LED on rear, LED, Dual Tone,No information," Altas Beige / Black with Matte Black Accents and Aluminium Rhombus Inserts, Okapi Brown / Black with with Matte Black Accents and Aluminium Rhombus Inserts", Front and Rear,No information, Front & Rear,,No information,No information, Front & Rear,No information, Driver & Co-Driver,No information,No information, Panoramic Sunroof,No information,No information, 2, Unlimited, Not Applicable, 4 Way,Audi Q5 Premium Plus 45 TFSI, Optional,,, Torque-On-Demand,,,, Full,No information,,,No information,,No information,,No information, Cladding - Body Coloured, Silver,,,,,,,,,,,,,,,,,,,,,,,,,,,,,,,,,,
10, Petrol," Automatic (DCT) - 7 Gears, Manual Override & Paddle Shift, Sport Mode", 237, 6.3, 13.4, 943," 1984 cc, 4 Cylinders Inline, 4 Valves/Cylinder, DOHC", 2.0L TFSI Turbocharged I4, 249 bhp @ 5000 rpm, 370 Nm @ 1600 rpm, Turbocharged, 4WD / AWD, Regenerative Braking, BS 6, Power assisted (Electric),," 5-link, Tubular Anti-roll Bar with Damper Control"," 5-link, Tubular Anti-roll Bar with Damper Control", Alloy Wheels, 235 / 55 R19, 235 / 55 R19, Alloy, 520, 70, 5, 4682, 1893, 1655, 2819, 1890, 2, 5, 5 Star (Euro NCAP)," 8 Airbags (Driver, Passenger, 2 Curtain, Driver Side, Front Passenger Side, 2 Rear Passenger Side)",No information,No information,No information," 1 beep over 80kmph, Continuous beeps over 120kmph ",No information,No information,No information,No information, Keyless, Digital,No information,,No information,No information, Multi-Function Display,No information,No information,No information,No information,No information, Dynamic, Front & Rear, Reverse Camera, Digital,No information, Digital,No information, Touch-screen Display,No information," Android Auto (Wired), Apple Car Play (Wired)",No information, 6+,No information, Phone & Audio Streaming,No information,No information,,No information,No information, Tilt & Telescopic, Yes (Automatic Three Zone),No information," Two Zones, Individual Fan Speed Controls"," Separate Zone, Vents Behind Front Armrest, Individual Fan Speed Controls", Driver & Co-Driver, Electronic - All, 2,No information,No information, Disc, Disc,No information,No information,No information,No information,No information,No information,, Leather," 12 way electrically adjustable with 2 memory presets (seat forward / back, backrest tilt forward / back, seat height up / down, lumbar up / down, lumbar forward / back, seat base angle up / down) + 2 way manually adjustable (headrest up / down)"," 12 way electrically adjustable (seat forward / back, backrest tilt forward / back, seat height up / down, lumbar up / down, lumbar forward / back, seat base angle up / down) + 2 way manually adjustable (headrest up / down)"," 4 way manually adjustable (backrest tilt forward / back, headrest up / down)",No information,No information, Front & Rear, Bench, Front & Rear, All, All,No information,No information, Body Coloured, Chrome, Rear - Manual,, Aluminium, Body Coloured, Electrically Adjustable & Retractable,No information, Foot Trigger Opening/Automatic, LED,No information,No information,No information, LED, LED on rear, LED, Dual Tone,No information," Altas Beige / Black with Matte Black Accents and Black Piano Lacquer Inserts, Okapi Brown / Black with with Matte Black Accents and Black Piano Lacquer Inserts", Front and Rear,No information, Front & Rear,,No information,No information, Front & Rear,No information, Driver & Co-Driver,No information,No information, Panoramic Sunroof,No information,No information, 2, Unlimited, Not Applicable, 4 Way,Audi Q5 Special Edition,No information,No information,, Torque-On-Demand,,,, Full,No information,,,No information,,No information,,No information, Cladding - Body Coloured, Silver,,,,,,,,,,,,,,,,,,,,,,,,,,,,,,,,,,
11, Petrol," Automatic (DCT) - 7 Gears, Manual Override & Paddle Shift, Sport Mode", 237, 6.3, 13.4, 943," 1984 cc, 4 Cylinders Inline, 4 Valves/Cylinder, DOHC", 2.0L TFSI Turbocharged I4, 249 bhp @ 5000 rpm, 370 Nm @ 1600 rpm, Turbocharged, 4WD / AWD, Regenerative Braking, BS 6, Power assisted (Electric),," 5-link, Tubular Anti-roll Bar with Damper Control"," 5-link, Tubular Anti-roll Bar with Damper Control", Alloy Wheels, 235 / 55 R19, 235 / 55 R19, Alloy, 520, 70, 5, 4682, 1893, 1655, 2819, 1890, 2, 5, 5 Star (Euro NCAP)," 8 Airbags (Driver, Passenger, 2 Curtain, Driver Side, Front Passenger Side, 2 Rear Passenger Side)",No information,No information,No information," 1 beep over 80kmph, Continuous beeps over 120kmph ",No information,No information,No information,No information, Keyless, Digital,No information,,No information,No information, Multi-Function Display,No information,No information,No information,No information,No information, Dynamic, Front & Rear, Reverse Camera, Digital,No information, Digital,No information, Touch-screen Display,No information," Android Auto (Wired), Apple Car Play (Wired)",No information, 6+,No information, Phone & Audio Streaming,No information,No information,,No information,No information, Tilt & Telescopic, Yes (Automatic Three Zone),No information," Two Zones, Individual Fan Speed Controls"," Separate Zone, Vents Behind Front Armrest, Individual Fan Speed Controls", Driver & Co-Driver, Electronic - All, 2,No information,No information, Disc, Disc,No information,No information,No information,No information,No information,No information,, Leather," 12 way electrically adjustable with 2 memory presets (seat forward / back, backrest tilt forward / back, seat height up / down, lumbar up / down, lumbar forward / back, seat base angle up / down) + 2 way manually adjustable (headrest up / down)"," 12 way electrically adjustable (seat forward / back, backrest tilt forward / back, seat height up / down, lumbar up / down, lumbar forward / back, seat base angle up / down) + 2 way manually adjustable (headrest up / down)"," 4 way manually adjustable (backrest tilt forward / back, headrest up / down)",No information,No information, Front & Rear, Bench, Front & Rear, All, All,No information,No information, Body Coloured, Chrome, Rear - Manual,, Aluminium, Body Coloured, Electrically Adjustable & Retractable,No information, Foot Trigger Opening/Automatic, LED,No information,No information,No information, LED, LED on rear, LED, Dual Tone,No information," Altas Beige / Black with Matte Black Accents and Black Piano Lacquer Inserts, Okapi Brown / Black with with Matte Black Accents and Black Piano Lacquer Inserts", Front and Rear,No information, Front & Rear,,No information,No information, Front & Rear,No information, Driver & Co-Driver,No information,No information, Panoramic Sunroof,No information,No information, 2, Unlimited, Not Applicable, 4 Way,Audi Q5 Technology 45 TFSI,No information,No information,, Torque-On-Demand,,,, Full,No information,,,No information,,No information,,No information, Cladding - Body Coloured, Silver,,,,,,,,,,,,,,,,,,,,,,,,,,,,,,,,,,
12, Petrol," Automatic (TC) - 8 Gears, Manual Override & Paddle Shift, Sport Mode", 250, 4.8, 10.6, 615," 2994 cc, 6 Cylinders In V Shape, 4 Valves/Cylinder, DOHC", 3.0L TFSI V6, 349 bhp @ 5400 rpm, 500 Nm @ 1370 rpm, Turbocharged, AWD,  Idle Start/Stop, BS 6, Power assisted (Electric), 5.8, Five-link front suspension; tubular anti-roll bar, Five-link front suspension; tubular anti-roll bar, Alloy Wheels, 255 / 35 R19, 255 / 35 R19, Space Saver, 465, 58, 5, 4765, 1845, 1390, 2825, 1760, 2, 4, 5 Star (Euro NCAP)," 10 Airbags (Driver, Front Passenger, 2 Curtain, Driver Knee, Front Passenger Knee, Driver Side, Front Passenger Side, 2 Rear Passenger Side)",No information,No information,No information," 1 beep over 80kmph, Continuous beeps over 120kmph ",No information,No information,No information,No information, Remote, Digital,No information,No information,No information,No information, Electronic 2 Trips,No information,No information,No information,No information,No information, Dynamic, Front & Rear, Reverse Camera with Guidance, Digital,No information, Digital,No information, Touch-screen Display,No information," Android Auto (Wired), Apple Car Play (Wired)",No information, 6+,No information, Phone & Audio Streaming,No information,No information,,No information,No information, Tilt & Telescopic, Yes (Automatic Three Zone),No information," Two Zones, Individual Fan Speed Controls"," Separate Zone, Vents Behind Front Armrest, Common Fan Speed Control", Driver & Co-Driver, Electronic - All, 2,No information,No information, Disc, Disc,No information,No information,No information,No information,No information,No information, 32, Leather + Alcantara," 12 way electrically adjustable with 3 memory presets (seat forward / back, backrest tilt forward / back, seat height up / down, lumbar up / down, lumbar forward / back, seat base angle up / down) + 2 way manually adjustable (headrest up / down)"," 12 way electrically adjustable (seat forward / back, backrest tilt forward / back, seat height up / down, lumbar up / down, lumbar forward / back, seat base angle up / down) + 2 way manually adjustable (headrest up / down)", 2 way manually adjustable (headrest up / down),No information,No information, Front & Rear, Bench, Front & Rear, All, All,,No information, Body Coloured, Silver,,, Metallic, Silver, Electrically Adjustable & Retractable,No information, Electric Opening and Closing, LED,No information,No information,No information, LED, LED, LED, Single Tone,No information," Rotor Grey, Black", Front and Rear, Multi-colour, Front & Rear,,No information,No information, Front & Rear,,,,, Panoramic Sunroof,No information,No information, 2, Unlimited,No information, 2 Way,Audi S5 Sportback 3.0 TFSI Quattro, Optional,No information,No information, Torque-On-Demand,,,, Partial, 40:20:40 split,No information,,No information,,No information,,No information,,, 117, Electronic,,,,,,,,,,,,,,,,,,,,,,,,,,,,,,,,
13, Petrol," Automatic (TC) - 8 Gears, Paddle Shift, Sport Mode", 250, 5.9, 11.2, 953," 2995 cc, 6 Cylinders In V Shape, 4 Valves/Cylinder, DOHC", 3.0 TFSI V6 + 48V Mild-Hybrid System, 335 bhp @ 5200 rpm, 500 Nm @ 1370 rpm, Turbocharged, AWD," Regenerative Braking, Idle Start/Stop", BS 6, Power assisted (Electric),, 5-link Axle; Tubular Anti-roll Bar with Self-leveling Air-springs, 5-link Axle; Tubular Anti-roll Bar with Self-leveling Air-springs, Alloy Wheels, 255 / 55 R19, 225 / 55 R19, Alloy, 295, 85, 7, 5064, 1970, 1703, 2999,, 3, 5, 5 Star (Euro NCAP)," 8 Airbags (Driver, Front Passenger, 2 Curtain, Driver Side, Front Passenger Side, 2 Rear Passenger Side)",No information,No information,No information," 1 beep over 80kmph, Continuous beeps over 120kmph ",No information,No information,No information,No information, Keyless, Analogue - Digital ,No information,No information,No information,No information, Multi-Function Display,No information,No information,No information,No information,No information,No information, Front & Rear, Automatic Parking, Digital,No information, Digital,No information, Touch-screen Display,No information," Android Auto (Yes), Apple Car Play (Yes)",No information, 6+,No information, Phone & Audio Streaming,No information,,,, Adaptive, Tilt & Telescopic, Yes (Automatic Four Zone),No information," Two Zones, Individual Fan Speed Controls"," Two Zones, Vents Behind Front Armrest and on Pillars, Individual Fan Speed Controls", Driver & Co-Driver, Electronic - All, 3,No information,No information, Ventilated Disc, Ventilated Disc,No information,No information,No information,No information,No information,No information,, Leather," 12 way electrically adjustable (seat forward / back, backrest tilt forward / back, seat height up / down, lumbar up / down, lumbar forward / back, seat base angle up / down) + 2 way manually adjustable (headrest up / down)"," 12 way electrically adjustable (seat forward / back, backrest tilt forward / back, seat height up / down, lumbar up / down, lumbar forward / back, seat base angle up / down) + 2 way manually adjustable (headrest up / down)"," 6 way manually adjustable (seat forward / back, backrest tilt forward / back, headrest up / down)",No information, With Cup Holder," Front, Second & Third", Bench, Front & Rear, All, All,No information,No information, Body Coloured, Chrome, Front and Rear Manual, Electric,No information, Body Coloured, Electrically Adjustable & Retractable,No information, Electric Tailgate Release, LED,No information,No information,No information, LED, LED, LED, Dual Tone,No information," Saiga Beige, Okapi Brown", Front and Rear,No information, Front & Rear,No information,No information,No information, Front & Rear,No information, Driver & Co-Driver,No information,No information, Panoramic Sunroof,No information,No information, 2,,, 4 Way,Audi Q7 Premium Plus 55 TFSI,No information,No information,, Full-time,,No information,No information, Full,No information,,No information,,,No information,,No information, Cladding - Body Coloured, Body Coloured,, Electronic, 1 Placed At Integrated with Transmission,"  Lithium Ion,Battery Placed In Boot",No information,No information,No information, 2 way electrically adjustable (backrest tilt forward / back) + 2 way manually adjustable (headrest up / down), Bench, 50:50 split,No information,No information,No information, 2, Manual,,,,,,,,,,,,,,,,,,,
14, Petrol," Automatic (TC) - 8 Gears, Paddle Shift, Sport Mode", 250, 5.9, 11.2, 953," 2995 cc, 6 Cylinders In V Shape, 4 Valves/Cylinder, DOHC", 3.0 TFSI V6 + 48V Mild-Hybrid System, 335 bhp @ 5200 rpm, 500 Nm @ 1370 rpm, Turbocharged, AWD," Regenerative Braking, Idle Start/Stop", BS 6, Power assisted (Electric),, 5-link Axle; Tubular Anti-roll Bar with Self-leveling Air-springs, 5-link Axle; Tubular Anti-roll Bar with Self-leveling Air-springs, Alloy Wheels, 255 / 55 R19, 225 / 55 R19, Alloy, 295, 85, 7, 5064, 1970, 1703, 2999,, 3, 5, 5 Star (Euro NCAP)," 8 Airbags (Driver, Front Passenger, 2 Curtain, Driver Side, Front Passenger Side, 2 Rear Passenger Side)",No information,No information,No information," 1 beep over 80kmph, Continuous beeps over 120kmph ",No information,No information,No information,No information, Keyless, Analogue - Digital ,No information,No information,No information,No information, Multi-Function Display,No information,No information,No information,No information,No information,No information, Front & Rear, Automatic Parking, Digital,No information, Digital,No information, Touch-screen Display,No information," Android Auto (Yes), Apple Car Play (Yes)",No information, 6+,No information, Phone & Audio Streaming,No information,,,, Adaptive, Tilt & Telescopic, Yes (Automatic Four Zone),No information," Two Zones, Individual Fan Speed Controls"," Two Zones, Vents Behind Front Armrest and on Pillars, Individual Fan Speed Controls", Driver & Co-Driver, Electronic - All, 3,No information,No information, Ventilated Disc, Ventilated Disc,No information,No information,No information,No information,No information,No information,, Leather," 12 way electrically adjustable (seat forward / back, backrest tilt forward / back, seat height up / down, lumbar up / down, lumbar forward / back, seat base angle up / down) + 2 way manually adjustable (headrest up / down)"," 12 way electrically adjustable (seat forward / back, backrest tilt forward / back, seat height up / down, lumbar up / down, lumbar forward / back, seat base angle up / down) + 2 way manually adjustable (headrest up / down)"," 6 way manually adjustable (seat forward / back, backrest tilt forward / back, headrest up / down)",No information, With Cup Holder," Front, Second & Third", Bench, Front & Rear, All, All,No information,No information, Body Coloured, Chrome, Front and Rear Manual, Electric,No information, Body Coloured, Electrically Adjustable & Retractable,No information, Electric Tailgate Release, LED,No information,No information,No information, LED, LED, LED, Dual Tone,No information," Saiga Beige, Okapi Brown", Front and Rear,No information, Front & Rear,No information,No information,No information, Front & Rear,No information, Driver & Co-Driver,No information,No information, Panoramic Sunroof,No information,No information, 2,,, 4 Way,Audi Q7 Technology 55 TFSI w/o Matrix,No information,No information,, Full-time,,No information,No information, Full,No information,No information,No information,,,No information,,No information, Cladding - Body Coloured, Body Coloured,, Electronic, 1 Placed At Integrated with Transmission,"  Lithium Ion,Battery Placed In Boot",No information,No information,No information, 2 way electrically adjustable (backrest tilt forward / back) + 2 way manually adjustable (headrest up / down), Bench, 50:50 split,No information,No information,No information, 2, Manual,,,,,,,,,,,,,,,,,,,
15, Petrol," Automatic (TC) - 8 Gears, Paddle Shift, Sport Mode", 250, 5.9, 11.2, 953," 2995 cc, 6 Cylinders In V Shape, 4 Valves/Cylinder, DOHC", 3.0 TFSI V6 + 48V Mild-Hybrid System, 335 bhp @ 5200 rpm, 500 Nm @ 1370 rpm, Turbocharged, AWD," Regenerative Braking, Idle Start/Stop", BS 6, Power assisted (Electric),, 5-link Axle; Tubular Anti-roll Bar with Self-leveling Air-springs, 5-link Axle; Tubular Anti-roll Bar with Self-leveling Air-springs, Alloy Wheels, 255 / 55 R19, 225 / 55 R19, Alloy, 295, 85, 7, 5064, 1970, 1703, 2999,, 3, 5, 5 Star (Euro NCAP)," 8 Airbags (Driver, Front Passenger, 2 Curtain, Driver Side, Front Passenger Side, 2 Rear Passenger Side)",No information,No information,No information," 1 beep over 80kmph, Continuous beeps over 120kmph ",No information,No information,No information,No information, Keyless, Analogue - Digital ,No information,No information,No information,No information, Multi-Function Display,No information,No information,No information,No information,No information,No information, Front & Rear, Automatic Parking, Digital,No information, Digital,No information, Touch-screen Display,No information," Android Auto (Yes), Apple Car Play (Yes)",No information, 6+,No information, Phone & Audio Streaming,No information,,,, Adaptive, Tilt & Telescopic, Yes (Automatic Four Zone),No information," Two Zones, Individual Fan Speed Controls"," Two Zones, Vents Behind Front Armrest and on Pillars, Individual Fan Speed Controls", Driver & Co-Driver, Electronic - All, 3,No information,No information, Ventilated Disc, Ventilated Disc,No information,No information,No information,No information,No information,No information,, Leather," 12 way electrically adjustable (seat forward / back, backrest tilt forward / back, seat height up / down, lumbar up / down, lumbar forward / back, seat base angle up / down) + 2 way manually adjustable (headrest up / down)"," 12 way electrically adjustable (seat forward / back, backrest tilt forward / back, seat height up / down, lumbar up / down, lumbar forward / back, seat base angle up / down) + 2 way manually adjustable (headrest up / down)"," 6 way manually adjustable (seat forward / back, backrest tilt forward / back, headrest up / down)",No information, With Cup Holder," Front, Second & Third", Bench, Front & Rear, All, All,No information,No information, Body Coloured, Chrome, Front and Rear Manual, Electric,No information, Body Coloured, Electrically Adjustable & Retractable,No information, Electric Tailgate Release, LED,No information,No information,No information, LED, LED, LED, Dual Tone,No information," Saiga Beige, Okapi Brown", Front and Rear,No information, Front & Rear,No information,No information,No information, Front & Rear,No information, Driver & Co-Driver,No information,No information, Panoramic Sunroof,No information,No information, 2,,, 4 Way,Audi Q7 Technology 55 TFSI,No information,No information,, Full-time,,No information,No information, Full,No information,No information,No information,,,No information,,No information, Cladding - Body Coloured, Body Coloured,, Electronic, 1 Placed At Integrated with Transmission,"  Lithium Ion,Battery Placed In Boot",No information,No information,No information, 2 way electrically adjustable (backrest tilt forward / back) + 2 way manually adjustable (headrest up / down), Bench, 50:50 split,No information,No information,No information, 2, Manual,,,,,,,,,,,,,,,,,,,
16, Electric, Automatic - Not Applicable Gears, 190, 6.8,, 379,"  Not Applicable Cylinders Not Applicable, Not Applicable Valves/Cylinder, Not Applicable", Dual Asynchronous Motors,,,, AWD," Regenerative Braking, Pure Electric Driving Mode", BS 6, Power assisted (Electric), 6.1," 5-link Axle, Tubular Anti-roll Bar, Air Suspension"," 5-link Axle, Tubular Anti-roll Bar, Air Suspension", Alloy Wheels, 255 / 50 R20, 255 / 50 R20, Space Saver, 660,, 5, 5014, 1976, 1686, 2928, 2445, 2, 5, 5 Star (Euro NCAP)," 8 Airbags (Driver, Front Passenger, 2 Curtain, Driver Side, Front Passenger Side, 2 Rear Passenger Side)",No information,No information,No information," 1 beep over 80kmph, Continuous beeps over 120kmph ",No information,No information,No information,No information,No information, Digital,No information,No information,No information,No information, Electronic 2 Trips,No information,No information,No information,No information,No information,, Front & Rear, Reverse Camera with Guidance, Digital,No information,No information,No information, Touch-screen Display,No information," Android Auto (Yes), Apple Car Play (Yes)",No information, 6+,No information, Phone & Audio Streaming,No information,No information,,No information,No information, Tilt & Telescopic, Yes (Automatic Four Zone),No information," Two Zones, Individual Fan Speed Controls"," Two Zones, Vents Behind Front Armrest and on Pillars, Individual Fan Speed Controls", Driver & Co-Driver, Electronic - All, 2,No information,No information, Disc, Disc,No information,No information,No information,No information,No information,No information,, Leather," 12 way electrically adjustable with 2 memory presets (seat forward / back, backrest tilt forward / back, seat height up / down, lumbar up / down, lumbar forward / back, seat base angle up / down) + 2 way manually adjustable (headrest up / down)"," 12 way electrically adjustable with 2 memory presets (seat forward / back, backrest tilt forward / back, seat height up / down, lumbar up / down, lumbar forward / back, seat base angle up / down) + 2 way manually adjustable (headrest up / down)", 2 way manually adjustable (headrest up / down),No information,No information, Front & Rear, Bench, Front & Rear, All, All,No information,No information, Body Coloured, Silver,,, Aluminium, Body Coloured, Electrically Adjustable & Retractable,No information, Foot Trigger Opening/Automatic, LED,No information,No information,No information, LED,, LED, Dual Tone,No information," Black, Okapi Brown and Mother of Pearl Beige", Front and Rear, Multi-colour, Front Only,,No information,No information, Front & Rear,No information, Driver & Co-Driver,No information,, Panoramic Sunroof,No information,No information, 2,, 160000, 2 Way,Audi e-tron 50,No information,No information,, Torque-On-Demand,,,No information, Full, 40:20:40 split, Optional,,No information,,No information, Intelligent,No information, Cladding - Black/Grey, Black,,, 2 3 Phase AC Induction Motor Placed At One motor each on front and rear axle," 71 kWh, Lithium Ion,Battery Placed Under Floor Pan",,,,,,,No information,No information,, 8,, 308 bhp  540 Nm, Electric, Optional, Optional,No information,No information,No information,No information,No information,No information,No information,No information,,,,,,,
17, Electric," Automatic - Not Applicable Gears, Sport Mode", 200, 5.7,, 484,"  Not Applicable Cylinders Not Applicable, Not Applicable Valves/Cylinder, Not Applicable", Dual Asynchronous Motors,,,, AWD," Regenerative Braking, Pure Electric Driving Mode", BS 6, Power assisted (Electric), 6.1," 5-link Axle, Tubular Anti-roll Bar, Air Suspension"," 5-link Axle, Tubular Anti-roll Bar, Air Suspension", Alloy Wheels, 255 / 50 R20, 255 / 50 R20, Space Saver, 660,, 5, 5014, 1976, 1686, 2928, 2595, 2, 5, 5 Star (Euro NCAP)," 8 Airbags (Driver, Front Passenger, 2 Curtain, Driver Side, Front Passenger Side, 2 Rear Passenger Side)",No information,No information,No information," 1 beep over 80kmph, Continuous beeps over 120kmph ",No information,No information,No information,No information,No information, Digital,No information,No information,No information,No information, Electronic 2 Trips,No information,No information,No information,No information,No information,, Front & Rear, Reverse Camera with Guidance, Digital,No information,No information,No information, Touch-screen Display,No information," Android Auto (Yes), Apple Car Play (Yes)",No information, 6+,No information, Phone & Audio Streaming,No information,No information,,No information,No information, Tilt & Telescopic, Yes (Automatic Four Zone),No information," Two Zones, Individual Fan Speed Controls"," Two Zones, Vents Behind Front Armrest and on Pillars, Individual Fan Speed Controls", Driver & Co-Driver, Electronic - All, 2,No information,No information, Disc, Disc,No information,No information,No information,No information,No information,No information,, Leather," 12 way electrically adjustable with 2 memory presets (seat forward / back, backrest tilt forward / back, seat height up / down, lumbar up / down, lumbar forward / back, seat base angle up / down) + 2 way manually adjustable (headrest up / down)"," 12 way electrically adjustable with 2 memory presets (seat forward / back, backrest tilt forward / back, seat height up / down, lumbar up / down, lumbar forward / back, seat base angle up / down) + 2 way manually adjustable (headrest up / down)", 2 way manually adjustable (headrest up / down),No information,No information, Front & Rear, Bench, Front & Rear, All, All,No information,No information, Body Coloured, Silver,,, Aluminium, Body Coloured, Electrically Adjustable & Retractable,No information, Foot Trigger Opening/Automatic, LED,No information,No information,No information, LED,, LED, Dual Tone,No information," Black, Okapi Brown and Mother of Pearl Beige", Front and Rear, Multi-colour, Front Only,,No information,No information, Front & Rear,No information, Driver & Co-Driver,No information,, Panoramic Sunroof,No information,No information, 2,, 160000, 2 Way,Audi e-tron 55,No information,No information,, Torque-On-Demand,,,No information, Full, 40:20:40 split, Optional,,No information,,No information, Intelligent,No information, Cladding - Black/Grey, Black,,, 2 3 Phase AC Induction Motor Placed At One motor each on front and rear axle," 95 kWh, Lithium Ion,Battery Placed Under Floor Pan",,,,,,,No information,No information,, 8,, 402 bhp  664 Nm, Electric, Optional, Optional,No information,No information,No information,No information,No information,No information,No information,No information,,,,,,,
18, Electric," Automatic - Not Applicable Gears, Sport Mode", 200, 5.7,, 484,"  Not Applicable Cylinders Not Applicable, Not Applicable Valves/Cylinder, Not Applicable", Dual Asynchronous Motors,,,, AWD," Regenerative Braking, Pure Electric Driving Mode", BS 6, Power assisted (Electric), 6.1," 5-link Axle, Tubular Anti-roll Bar, Air Suspension"," 5-link Axle, Tubular Anti-roll Bar, Air Suspension", Alloy Wheels, 255 / 50 R20, 255 / 50 R20, Space Saver, 660,, 5, 5014, 1976, 1686, 2928, 2595, 2, 5, 5 Star (Euro NCAP)," 8 Airbags (Driver, Front Passenger, 2 Curtain, Driver Side, Front Passenger Side, 2 Rear Passenger Side)",No information,No information,No information," 1 beep over 80kmph, Continuous beeps over 120kmph ",No information,No information,No information,No information,No information, Digital,No information,No information,No information,No information, Electronic 2 Trips,No information,No information,No information,No information,No information,, Front & Rear, Reverse Camera with Guidance, Digital,No information,No information,No information, Touch-screen Display,No information," Android Auto (Yes), Apple Car Play (Yes)",No information, 6+,No information, Phone & Audio Streaming,No information,No information,,No information,No information, Tilt & Telescopic, Yes (Automatic Four Zone),No information," Two Zones, Individual Fan Speed Controls"," Two Zones, Vents Behind Front Armrest and on Pillars, Individual Fan Speed Controls", Driver & Co-Driver, Electronic - All, 2,No information,No information, Disc, Disc,No information,No information,No information,No information,No information,No information,, Leather," 12 way electrically adjustable with 2 memory presets (seat forward / back, backrest tilt forward / back, seat height up / down, lumbar up / down, lumbar forward / back, seat base angle up / down) + 2 way manually adjustable (headrest up / down)"," 12 way electrically adjustable with 2 memory presets (seat forward / back, backrest tilt forward / back, seat height up / down, lumbar up / down, lumbar forward / back, seat base angle up / down) + 2 way manually adjustable (headrest up / down)", 2 way manually adjustable (headrest up / down),No information,No information, Front & Rear, Bench, Front & Rear, All, All,No information,No information, Body Coloured, Silver,,, Aluminium, Body Coloured, Electrically Adjustable & Retractable,No information, Foot Trigger Opening/Automatic, LED,No information,No information,No information, LED,, LED, Dual Tone,No information," Black, Okapi Brown and Mother of Pearl Beige", Front and Rear, Multi-colour, Front Only,,No information,No information, Front & Rear,No information, Driver & Co-Driver,No information,, Panoramic Sunroof,No information,No information, 2,, 160000, 2 Way,Audi e-tron 55 Technology,No information,No information,, Torque-On-Demand,,,No information, Full, 40:20:40 split, Optional,,No information,,No information, Intelligent,No information, Cladding - Black/Grey, Black,,, 2 3 Phase AC Induction Motor Placed At One motor each on front and rear axle," 95 kWh, Lithium Ion,Battery Placed Under Floor Pan",,,,,,,No information,No information,, 8,, 402 bhp  664 Nm, Electric, Optional, Optional,No information,No information,No information,No information,No information,No information,No information,No information,,,,,,,
19, Petrol," Automatic (TC) - 8 Gears, Manual Override & Paddle Shift, Sport Mode", 250, 5.9, 9.8, 833," 2995 cc, 6 Cylinders In V Shape, 4 Valves/Cylinder, DOHC", 3.0L Turbocharged FSI V6, 335 bhp @ 5000 rpm, 500 Nm @ 1370 rpm, Turbocharged, AWD," Regenerative Braking, Idle Start/Stop", BS 6, Power assisted (Electric), 6.65, Five-link Suspension with Tubular Anti-roll Bar and Adaptive Air Springs, Five-link Suspension with Tubular Anti-roll Bar and Adaptive Air Springs, Alloy Wheels, 275 / 50 R20, 275 / 50 R20, Space Saver, 605, 85, 5, 4986, 1995, 1705, 2995, 2170, 2, 5, 5 Star (Euro NCAP)," 8 Airbags (Driver, Passenger, 2 Curtain, Driver Side, Front Passenger Side, 2 Rear Passenger Side)",No information,No information,No information," 1 beep over 80kmph, Continuous beeps over 120kmph ",No information,No information,No information,No information, Keyless, Digital,No information,No information,No information,No information, Electronic 2 Trips,No information,No information,No information,No information,No information, Dynamic, Front & Rear, Reverse Camera with Guidance, Digital,No information, Digital,No information, Touch-screen Display,No information," Android Auto (Yes), Apple Car Play (Yes)",No information, 6+,No information, Phone & Audio Streaming,No information,No information,,No information,No information, Electric Tilt & Telescopic, Yes (Automatic Dual Zone),No information," Two Zones, Individual Fan Speed Controls"," Blower, Vents Behind Front Armrest and on Pillars, Common Fan Speed Control", Driver & Co-Driver, Electronic - All, 2,No information,No information, Disc, Disc,No information,No information,No information,No information,No information,No information,, Leather," 12 way electrically adjustable with 2 memory presets (seat forward / back, backrest tilt forward / back, seat height up / down, lumbar up / down, lumbar forward / back, seat base angle up / down) + 2 way manually adjustable (headrest up / down)"," 12 way electrically adjustable (seat forward / back, backrest tilt forward / back, seat height up / down, lumbar up / down, lumbar forward / back, seat base angle up / down) + 2 way manually adjustable (headrest up / down)"," 6 way manually adjustable (seat forward / back, backrest tilt forward / back, headrest up / down)",No information, With Cup Holder, Front & Rear, Bench, Front & Rear, All, All,No information,No information, Body Coloured, Chrome,,, Metallic, Body Coloured, Electrically Adjustable & Retractable,No information, Electric Opening and Closing, LED,No information,No information,No information, LED," LED on front, LED on rear", LED, Dual Tone,No information," Black, Metropolis Gray / Black, Okapi Brown / Black, Saiga Beige / Black", Front and Rear, Multi-colour, Front & Rear,,No information,No information, Front & Rear,No information, Driver & Co-Driver,No information,, Panoramic Sunroof,No information,No information, 2, Unlimited,No information, 6 Way,Audi Q8 Celebration,,No information,, Torque-On-Demand,,No information,No information, Full, 40:20:40 split,No information,,No information,,No information, Intelligent,No information, Cladding - Black/Grey, Black,, Electronic,,,,,,,,,No information,No information,,,,,,,,,,,,,,,,No information,,,,,,
20, Petrol," Automatic (TC) - 8 Gears, Manual Override & Paddle Shift, Sport Mode", 250, 5.9, 9.8, 833," 2995 cc, 6 Cylinders In V Shape, 4 Valves/Cylinder, DOHC", 3.0L Turbocharged FSI V6, 335 bhp @ 5000 rpm, 500 Nm @ 1370 rpm, Turbocharged, AWD," Regenerative Braking, Idle Start/Stop", BS 6, Power assisted (Electric), 6.65, Five-link Suspension with Tubular Anti-roll Bar and Adaptive Air Springs, Five-link Suspension with Tubular Anti-roll Bar and Adaptive Air Springs, Alloy Wheels, 275 / 50 R20, 275 / 50 R20, Space Saver, 605, 85, 5, 4986, 1995, 1705, 2995, 2170, 2, 5, 5 Star (Euro NCAP)," 8 Airbags (Driver, Passenger, 2 Curtain, Driver Side, Front Passenger Side, 2 Rear Passenger Side)",No information,No information,No information," 1 beep over 80kmph, Continuous beeps over 120kmph ",No information,No information,No information,No information, Keyless, Digital,No information,No information,No information,No information, Electronic 2 Trips,No information,No information,No information,No information,No information, Dynamic, Front & Rear, Reverse Camera with Guidance, Digital,No information, Digital,No information, Touch-screen Display,No information," Android Auto (Yes), Apple Car Play (Yes)",No information, 6+,No information, Phone & Audio Streaming,No information,No information,,No information,No information, Electric Tilt & Telescopic, Yes (Automatic Dual Zone),No information," Two Zones, Individual Fan Speed Controls"," Blower, Vents Behind Front Armrest and on Pillars, Common Fan Speed Control", Driver & Co-Driver, Electronic - All, 2,No information,No information, Disc, Disc,No information,No information,No information,No information,No information,No information,, Leather," 12 way electrically adjustable with 2 memory presets (seat forward / back, backrest tilt forward / back, seat height up / down, lumbar up / down, lumbar forward / back, seat base angle up / down) + 2 way manually adjustable (headrest up / down)"," 12 way electrically adjustable (seat forward / back, backrest tilt forward / back, seat height up / down, lumbar up / down, lumbar forward / back, seat base angle up / down) + 2 way manually adjustable (headrest up / down)"," 6 way manually adjustable (seat forward / back, backrest tilt forward / back, headrest up / down)",No information, With Cup Holder, Front & Rear, Bench, Front & Rear, All, All,No information,No information, Body Coloured, Chrome,,, Metallic, Body Coloured, Electrically Adjustable & Retractable,No information, Electric Opening and Closing, LED,No information,No information,No information, LED," LED on front, LED on rear", LED, Dual Tone,No information," Black, Metropolis Gray / Black, Okapi Brown / Black, Saiga Beige / Black", Front and Rear, Multi-colour, Front & Rear,,No information,No information, Front & Rear,No information, Driver & Co-Driver,No information,, Panoramic Sunroof,No information,No information, 2, Unlimited,No information, 6 Way,Audi Q8 55 TFSI quattro,No information,No information,, Torque-On-Demand,,No information,No information, Full, 40:20:40 split,No information,,No information,,No information, Intelligent,No information, Cladding - Black/Grey, Black,, Electronic,,,,,,,,,No information,No information,,,,,,,,,,,,,,,,No information,,,,,,
21, Petrol," Automatic (TC) - 8 Gears, Manual Override & Paddle Shift, Sport Mode", 250, 3.9, 10.8, 630," 2894 cc, 6 Cylinders In V Shape, 4 Valves/Cylinder, DOHC", 2.9L Bi-Turbo TFSI V6, 444 bhp @ 5700 rpm, 600 Nm @ 2000 rpm, Twin Turbo, AWD,  Idle Start/Stop, BS 6, Power assisted (Electric),, 5-link Axle with Tubular Anti-roll Bar, 5-link Axle with Tubular Anti-roll Bar, Alloy Wheels, 265 / 35 R19, 265 / 35 R19, Alloy, 465, 58, 5, 4783, 1866, 1409, 2832, 1795, 2, 4, 5 Star (Euro NCAP)," 6 Airbags (Driver, Front Passenger, 2 Curtain, Driver Side, Front Passenger Side)",No information,No information,No information," 1 beep over 80kmph, Continuous beeps over 120kmph ",No information,No information,No information,No information, Remote, Digital,No information,,No information,No information, Electronic 2 Trips,No information,No information,No information,No information,No information,No information, Rear, Reverse Camera, Digital,No information, Digital,No information, Touch-screen Display,No information," Android Auto (Wired), Apple Car Play (Wired)",No information, 6,No information, Phone & Audio Streaming,No information,No information,No information,No information,No information, Tilt & Telescopic, Yes (Automatic Three Zone),No information," Two Zones, Individual Fan Speed Controls"," Separate Zone, Vents Behind Front Armrest, Individual Fan Speed Controls", Driver & Co-Driver, Electronic - Internal & Driver Door, 1,No information,No information, Ventilated Disc, Ventilated Disc,No information,No information,No information,No information,No information,No information,, Leather," 12 way electrically adjustable with 2 memory presets (seat forward / back, backrest tilt forward / back, seat height up / down, lumbar up / down, lumbar forward / back, seat base angle up / down)"," 12 way electrically adjustable (seat forward / back, backrest tilt forward / back, seat height up / down, lumbar up / down, lumbar forward / back, seat base angle up / down)", 2 way manually adjustable (headrest up / down),No information, With Cup Holder, Front & Rear, Bench, Front Only, All, All,No information,No information, Body Coloured, Chrome,,, Metallic, Black, Electrically Adjustable & Retractable,No information, Internal with Remote, LED,No information,No information,No information, LED," LED on front, LED on rear", LED, Dual Tone,No information, Black / Rock Gray , Front and Rear,No information, Front Only,No information,No information,No information,,No information,,No information,No information, Panoramic Sunroof,No information,No information, 2, Unlimited, Not Applicable, 2 Way,Audi RS5 Sportback,No information,No information,No information, Torque-On-Demand,,,, Full,,No information,,No information,,No information, Active,,No information,,, Electronic,,,No information,,,,,,,No information,,,,,,,,No information,No information,No information,,No information,No information,,No information,No information,No information,No information, Front only, Heated and cooled,,
22, Electric," Automatic - Not Applicable Gears, Sport Mode", 200, 5.7,, 484,"  Not Applicable Cylinders Not Applicable, Not Applicable Valves/Cylinder, Not Applicable", Dual Asynchronous Motors,,,, AWD," Regenerative Braking, Pure Electric Driving Mode", BS 6, Power assisted (Electric), 6.1," 5-link Axle, Tubular Anti-roll Bar, Air Suspension"," 5-link Axle, Tubular Anti-roll Bar, Air Suspension", Alloy Wheels, 255 / 50 R20, 255 / 50 R20, Space Saver, 660,, 5, 5014, 1976, 1686, 2928, 2595, 2, 5, 5 Star (Euro NCAP)," 8 Airbags (Driver, Front Passenger, 2 Curtain, Driver Side, Front Passenger Side, 2 Rear Passenger Side)",No information,No information,No information," 1 beep over 80kmph, Continuous beeps over 120kmph ",No information,No information,No information,No information,No information, Digital,No information,No information,No information,No information, Electronic 2 Trips,No information,No information,No information,No information,No information,, Front & Rear, Reverse Camera with Guidance, Digital,No information,No information,No information, Touch-screen Display,No information," Android Auto (Yes), Apple Car Play (Yes)",No information, 6+,No information, Phone & Audio Streaming,No information,No information,,No information,No information, Tilt & Telescopic, Yes (Automatic Four Zone),No information," Two Zones, Individual Fan Speed Controls"," Two Zones, Vents Behind Front Armrest and on Pillars, Individual Fan Speed Controls", Driver & Co-Driver, Electronic - All, 2,No information,No information, Disc, Disc,No information,No information,No information,No information,No information,No information,, Leather," 12 way electrically adjustable with 2 memory presets (seat forward / back, backrest tilt forward / back, seat height up / down, lumbar up / down, lumbar forward / back, seat base angle up / down) + 2 way manually adjustable (headrest up / down)"," 12 way electrically adjustable with 2 memory presets (seat forward / back, backrest tilt forward / back, seat height up / down, lumbar up / down, lumbar forward / back, seat base angle up / down) + 2 way manually adjustable (headrest up / down)", 2 way manually adjustable (headrest up / down),No information,No information, Front & Rear, Bench, Front & Rear, All, All,No information,No information, Body Coloured, Silver,,, Aluminium, Body Coloured, Electrically Adjustable & Retractable,No information, Foot Trigger Opening/Automatic, LED,No information,No information,No information, LED,, LED, Dual Tone,No information," Black, Okapi Brown and Mother of Pearl Beige", Front and Rear, Multi-colour, Front Only,,No information,No information, Front & Rear,No information, Driver & Co-Driver,No information,, Panoramic Sunroof,No information,No information, 2,, 160000, 2 Way,Audi e-tron Sportback 55,No information,No information,, Torque-On-Demand,,,No information, Full, 40:20:40 split, Optional,,No information,,No information, Intelligent,No information, Cladding - Black/Grey, Black,,, 2 3 Phase AC Induction Motor Placed At One motor each on front and rear axle," 95 kWh, Lithium Ion,Battery Placed Under Floor Pan",,,,,,,No information,No information,, 8,, 402 bhp  664 Nm, Electric, Optional, Optional,No information,No information,No information,No information,No information,No information,No information,No information,,,,,,,
23, Electric," Automatic - Not Applicable Gears, Sport Mode", 200, 5.7,, 484,"  Not Applicable Cylinders Not Applicable, Not Applicable Valves/Cylinder, Not Applicable", Dual Asynchronous Motors,,,, AWD," Regenerative Braking, Pure Electric Driving Mode", BS 6, Power assisted (Electric), 6.1," 5-link Axle, Tubular Anti-roll Bar, Air Suspension"," 5-link Axle, Tubular Anti-roll Bar, Air Suspension", Alloy Wheels, 255 / 50 R20, 255 / 50 R20, Space Saver, 660,, 5, 5014, 1976, 1686, 2928, 2595, 2, 5, 5 Star (Euro NCAP)," 8 Airbags (Driver, Front Passenger, 2 Curtain, Driver Side, Front Passenger Side, 2 Rear Passenger Side)",No information,No information,No information," 1 beep over 80kmph, Continuous beeps over 120kmph ",No information,No information,No information,No information,No information, Digital,No information,No information,No information,No information, Electronic 2 Trips,No information,No information,No information,No information,No information,, Front & Rear, Reverse Camera with Guidance, Digital,No information,No information,No information, Touch-screen Display,No information," Android Auto (Yes), Apple Car Play (Yes)",No information, 6+,No information, Phone & Audio Streaming,No information,No information,,No information,No information, Tilt & Telescopic, Yes (Automatic Four Zone),No information," Two Zones, Individual Fan Speed Controls"," Two Zones, Vents Behind Front Armrest and on Pillars, Individual Fan Speed Controls", Driver & Co-Driver, Electronic - All, 2,No information,No information, Disc, Disc,No information,No information,No information,No information,No information,No information,, Leather," 12 way electrically adjustable with 2 memory presets (seat forward / back, backrest tilt forward / back, seat height up / down, lumbar up / down, lumbar forward / back, seat base angle up / down) + 2 way manually adjustable (headrest up / down)"," 12 way electrically adjustable with 2 memory presets (seat forward / back, backrest tilt forward / back, seat height up / down, lumbar up / down, lumbar forward / back, seat base angle up / down) + 2 way manually adjustable (headrest up / down)", 2 way manually adjustable (headrest up / down),No information,No information, Front & Rear, Bench, Front & Rear, All, All,No information,No information, Body Coloured, Silver,,, Aluminium, Body Coloured, Electrically Adjustable & Retractable,No information, Foot Trigger Opening/Automatic, LED,No information,No information,No information, LED,, LED, Dual Tone,No information," Black, Okapi Brown and Mother of Pearl Beige", Front and Rear, Multi-colour, Front Only,,No information,No information, Front & Rear,No information, Driver & Co-Driver,No information,, Panoramic Sunroof,No information,No information, 2,, 160000, 2 Way,Audi e-tron Sportback 55 Technology,No information,No information,, Torque-On-Demand,,,No information, Full, 40:20:40 split, Optional,,No information,,No information, Intelligent,No information, Cladding - Black/Grey, Black,,, 2 3 Phase AC Induction Motor Placed At One motor each on front and rear axle," 95 kWh, Lithium Ion,Battery Placed Under Floor Pan",,,,,,,No information,No information,, 8,, 402 bhp  664 Nm, Electric, Optional, Optional,No information,No information,No information,No information,No information,No information,No information,No information,,,,,,,
24, Mild Hybrid(Electric + Petrol)," Automatic - 8 Gears, Manual Override & Paddle Shift, Sport Mode", 250, 5.7,,," 2995 cc, 6 Cylinders In V Shape, 4 Valves/Cylinder, DOHC", 3.0L Twin-Turbocharged FSI V6 MHEV, 335 bhp @ 5000 rpm, 500 Nm @ 1370 rpm, Twin Turbo, AWD," Regenerative Braking, Idle Start/Stop", BS 6, Power assisted (Electric), 6.45, Predictive Active Air Suspension, Predictive Active Air Suspension, Alloy Wheels, 255 / 45 R19, 255 / 45 R19, Space Saver, 505, 72, 4, 5302, 1945, 1488, 3128,, 2, 4,," 6 Airbags (Driver, Front Passenger, 2 Curtain, Driver Side, Front Passenger Side)",No information,No information,No information," 1 beep over 80kmph, Continuous beeps over 120kmph ",No information,No information,,No information, Keyless, Digital,No information,No information,No information,No information, Electronic 2 Trips,No information,No information,No information,No information,No information, Dynamic, Front & Rear, 360 Camera, Digital,No information, Digital,No information, Touch-screen Display,No information," Android Auto (Wireless), Apple Car Play (Wireless)",No information, 23,No information, Phone & Audio Streaming,No information,No information,No information,No information,No information, Electric Tilt & Telescopic, Yes (Automatic Four Zone),No information," Two Zones, Individual Fan Speed Controls"," Two Zones, Vents Behind Front Armrest and on Pillars, Individual Fan Speed Controls", Driver & Co-Driver, Electronic - All, 2,,, Disc, Disc,No information,No information,No information,No information,No information,No information,, Leather," 16 way electrically adjustable with 2 memory presets (seat forward / back, backrest tilt forward / back, headrest up / down, seat height up / down, lumbar up / down, lumbar forward / back, seat base angle up / down, shoulder support forward / back) + 2 way manually adjustable (headrest forward / back)"," 16 way electrically adjustable with 2 memory presets (seat forward / back, backrest tilt forward / back, headrest up / down, seat height up / down, lumbar up / down, lumbar forward / back, seat base angle up / down, shoulder support forward / back) + 2 way manually adjustable (headrest forward / back)"," 10 way electrically adjustable with 2 memory presets (backrest tilt forward / back, headrest up / down, lumbar up / down, lumbar forward / back, seat base angle up / down) + 2 way manually adjustable (headrest forward / back)",No information,No information, Front & Rear, Bench, Front & Rear, All, All,No information,No information, Chrome, Chrome, Rear - Electric, Electric, Metallic, Body Coloured, Electrically Adjustable & Retractable,No information, Electric Opening and Closing, LED,No information,No information,No information, LED, LED, LED, Dual Tone,No information," Black, Merino Gray / Meteorite Gray,  Merlot Red / Black, Metropolis Gray / Granite Gray, Mother-of-Pearl / Sapwood Brown, Nutmeg Brown / Black, Nutmeg Brown / Tourmaline Blue, Saiga Beige / Black, Sard Brown / Black", Front and Rear, Multi-colour, Front & Rear,,No information,No information, Front & Rear,No information, Driver & Co-Driver,No information,, Panoramic Sunroof,No information,No information, 2, Unlimited,No information, 12 Way,Audi A8 L Celebration Edition,No information,No information,, Torque-On-Demand,,,No information,,,No information,No information,No information,No information,No information, Intelligent,No information,, Chrome Inserts,, Electronic,,  48 Volt,,,No information,,,,,,,,,,,No information,,,,,,,,,,No information,No information,, All, Heated and cooled,,
25, Mild Hybrid(Electric + Petrol)," Automatic - 8 Gears, Manual Override & Paddle Shift, Sport Mode", 250, 5.7,,," 2995 cc, 6 Cylinders In V Shape, 4 Valves/Cylinder, DOHC", 3.0L Twin-Turbocharged FSI V6 MHEV, 335 bhp @ 5000 rpm, 500 Nm @ 1370 rpm, Twin Turbo, AWD," Regenerative Braking, Idle Start/Stop", BS 6, Power assisted (Electric), 6.45, Predictive Active Air Suspension, Predictive Active Air Suspension, Alloy Wheels, 255 / 45 R19, 255 / 45 R19, Space Saver, 505, 72, 4, 5302, 1945, 1488, 3128,, 2, 4,," 6 Airbags (Driver, Front Passenger, 2 Curtain, Driver Side, Front Passenger Side)",No information,No information,No information," 1 beep over 80kmph, Continuous beeps over 120kmph ",No information,No information,,No information, Keyless, Digital,No information,No information,No information,No information, Electronic 2 Trips,No information,No information,No information,No information,No information, Dynamic, Front & Rear, 360 Camera, Digital,No information, Digital,No information, Touch-screen Display,No information," Android Auto (Wireless), Apple Car Play (Wireless)",No information, 23,No information, Phone & Audio Streaming,No information,No information,No information,No information,No information, Electric Tilt & Telescopic, Yes (Automatic Four Zone),No information," Two Zones, Individual Fan Speed Controls"," Two Zones, Vents Behind Front Armrest and on Pillars, Individual Fan Speed Controls", Driver & Co-Driver, Electronic - All, 2,,, Disc, Disc,No information,No information,No information,No information,No information,No information,, Leather," 16 way electrically adjustable with 2 memory presets (seat forward / back, backrest tilt forward / back, headrest up / down, seat height up / down, lumbar up / down, lumbar forward / back, seat base angle up / down, shoulder support forward / back) + 2 way manually adjustable (headrest forward / back)"," 16 way electrically adjustable with 2 memory presets (seat forward / back, backrest tilt forward / back, headrest up / down, seat height up / down, lumbar up / down, lumbar forward / back, seat base angle up / down, shoulder support forward / back) + 2 way manually adjustable (headrest forward / back)"," 10 way electrically adjustable with 2 memory presets (backrest tilt forward / back, headrest up / down, lumbar up / down, lumbar forward / back, seat base angle up / down) + 2 way manually adjustable (headrest forward / back)",No information,No information, Front & Rear, Bench, Front & Rear, All, All,No information,No information, Chrome, Chrome, Rear - Electric, Electric, Metallic, Body Coloured, Electrically Adjustable & Retractable,No information, Electric Opening and Closing, LED,No information,No information,No information, LED, LED, LED, Dual Tone,No information," Black, Merino Gray / Meteorite Gray,  Merlot Red / Black, Metropolis Gray / Granite Gray, Mother-of-Pearl / Sapwood Brown, Nutmeg Brown / Black, Nutmeg Brown / Tourmaline Blue, Saiga Beige / Black, Sard Brown / Black", Front and Rear, Multi-colour, Front & Rear,,No information,No information, Front & Rear,No information, Driver & Co-Driver,No information,, Panoramic Sunroof,No information,No information, 2, Unlimited,No information, 12 Way,Audi A8 L Technology,No information,No information,, Torque-On-Demand,,,No information,,,No information,No information,No information,No information,No information, Intelligent,No information,, Chrome Inserts,, Electronic,,  48 Volt,,,No information,,,,,,,,,,,No information,,,,,,,,,,No information,No information,, All, Heated and cooled,,
26, Electric, Automatic - Not Applicable Gears, 245, 4.1,,,"  Not Applicable Cylinders Not Applicable, Not Applicable Valves/Cylinder, Not Applicable", 2 Electric Motors,,,, AWD," Regenerative Braking, Pure Electric Driving Mode", BS 6, Power assisted (Electric),, Air Suspension, Air Suspension, Alloy Wheels, 245 / 45 R20, 285 / 40 R20,,,, 5, 4989, 1964, 1418, 2903,, 2, 4, 5 Star (Euro NCAP)," 7 Airbags (Driver, Front Passenger, 2 Curtain, Driver Side, Front Passenger Side, Rear Passenger Side)",No information,No information,No information," 1 beep over 80kmph, Continuous beeps over 120kmph ",No information,No information,,No information,No information, Digital,No information,No information,No information,No information, Electronic 2 Trips,,No information,No information,,No information,, Front & Rear, Reverse Camera with Guidance, Digital,No information,No information,No information, Touch-screen Display,No information," Android Auto (Yes), Apple Car Play (Yes)",No information, 6+,No information, Phone & Audio Streaming,No information,No information,,No information,No information, Tilt & Telescopic, Yes (Automatic Three Zone),No information," Two Zones, Individual Fan Speed Controls"," Separate Zone, Vents Behind Front Armrest, Common Fan Speed Control", Driver & Co-Driver, Electronic - All,No information,No information,No information, Disc, Disc,No information,No information,No information,No information,No information,No information,, Fabric + Leatherette," 16 way electrically adjustable with 2 memory presets (seat forward / back, backrest tilt forward / back, headrest up / down, seat height up / down, lumbar up / down, lumbar forward / back, seat base angle up / down, shoulder support forward / back) + 2 way manually adjustable (headrest forward / back)"," 16 way electrically adjustable with 2 memory presets (seat forward / back, backrest tilt forward / back, headrest up / down, seat height up / down, lumbar up / down, lumbar forward / back, seat base angle up / down, shoulder support forward / back) + 2 way manually adjustable (headrest forward / back)"," 10 way electrically adjustable with 2 memory presets (backrest tilt forward / back, headrest up / down, lumbar up / down, lumbar forward / back, seat base angle up / down) + 2 way manually adjustable (headrest forward / back)",No information,No information, Front & Rear, Bench, Front & Rear, All, All,No information,No information, Body Coloured, Chrome,,, Illuminated, Body Coloured, Electrically Adjustable & Retractable,No information, Foot Trigger Opening/Automatic, LED,No information,No information,No information, LED,, LED, Single Tone,No information, Black, Front and Rear, Multi-colour, Front & Rear,,No information,No information, Front & Rear,No information, Driver & Co-Driver,No information,, Fixed,,No information, 2,, 160000, 12 Way,Audi e-tron GT S,No information,No information,,,,,, Partial,No information,,No information,No information,,No information, Intelligent,No information,,,,, 2 Permanent magnet synchronous Placed At One motor each on front and rear axle," 84 kWh, Lithium Ion,Battery Placed Under Floor Pan",No information,,,,,,No information,No information,, 8,, 523 bhp  630 Nm, Electric,,,No information,No information,No information,No information,No information,No information,No information,No information,,,, Optional,,No information,
27, Electric, Automatic - Not Applicable Gears, 245, 3.3,,,"  Not Applicable Cylinders Not Applicable, Not Applicable Valves/Cylinder, Not Applicable", 2 Electric Motors,,,, AWD," Regenerative Braking, Pure Electric Driving Mode", BS 6, Power assisted (Electric),, Air Suspension, Air Suspension, Alloy Wheels, 245 / 45 R20, 285 / 40 R20,,,, 5, 4989, 1964, 1418, 2903, 2347, 2, 4, 5 Star (Euro NCAP)," 7 Airbags (Driver, Front Passenger, 2 Curtain, Driver Side, Front Passenger Side, Rear Passenger Side)",No information,No information,No information," 1 beep over 80kmph, Continuous beeps over 120kmph ",No information,No information,,No information,No information, Digital,No information,No information,No information,No information, Electronic 2 Trips,,No information,No information,,No information,, Front & Rear, Reverse Camera with Guidance, Digital,No information,No information,No information, Touch-screen Display,No information," Android Auto (Yes), Apple Car Play (Yes)",No information, 6+,No information, Phone & Audio Streaming,No information,No information,,No information,No information, Tilt & Telescopic, Yes (Automatic Three Zone),No information," Two Zones, Individual Fan Speed Controls"," Separate Zone, Vents Behind Front Armrest, Common Fan Speed Control", Driver & Co-Driver, Electronic - All,No information,No information,No information, Disc, Disc,No information,No information,No information,No information,No information,No information,, Fabric + Leatherette," 16 way electrically adjustable with 2 memory presets (seat forward / back, backrest tilt forward / back, headrest up / down, seat height up / down, lumbar up / down, lumbar forward / back, seat base angle up / down, shoulder support forward / back) + 2 way manually adjustable (headrest forward / back)"," 16 way electrically adjustable with 2 memory presets (seat forward / back, backrest tilt forward / back, headrest up / down, seat height up / down, lumbar up / down, lumbar forward / back, seat base angle up / down, shoulder support forward / back) + 2 way manually adjustable (headrest forward / back)"," 10 way electrically adjustable with 2 memory presets (backrest tilt forward / back, headrest up / down, lumbar up / down, lumbar forward / back, seat base angle up / down) + 2 way manually adjustable (headrest forward / back)",No information,No information, Front & Rear, Bench, Front & Rear, All, All,No information,No information, Body Coloured, Chrome,,, Illuminated, Body Coloured, Electrically Adjustable & Retractable,No information, Foot Trigger Opening/Automatic, LED,No information,No information,No information, LED,, LED, Single Tone,No information, Black, Front and Rear, Multi-colour, Front & Rear,,No information,No information, Front & Rear,No information, Driver & Co-Driver,No information,, Fixed,,No information, 2,, 160000, 12 Way,Audi e-tron GT RS,No information,No information,,,,,No information, Partial,No information,No information,No information,No information,,No information, Intelligent,No information,,,, Electronic, 2 Permanent magnet synchronous Placed At One motor each on front and rear axle," 84 kWh, Lithium Ion,Battery Placed Under Floor Pan",No information,,,,,,No information,No information,, 8,, 637 bhp  830 Nm, Electric,,,No information,No information,No information,No information,No information,No information,No information,No information,,,No information, Optional,,No information,
28, Petrol," Automatic (TC) - 8 Gears, Paddle Shift, Sport Mode", 250, 3.8, 8, 680," 3996 cc, 8 Cylinders In V Shape, 4 Valves/Cylinder, DOHC", 4.0L Twin-Turbocharged FSI V8  , 591 bhp @ 6000 rpm, 800 Nm @ 2200 rpm, Twin Turbo, AWD," Regenerative Braking, Idle Start/Stop", BS 6, Power assisted (Electric), 6.15, Five-link suspension with adaptive air shock absorbers and tubular anti-roll bar, Five-link suspension with adaptive air shock absorbers and tubular anti-roll bar, Alloy Wheels, 295 / 35 R23, 295 / 35 R23, Space Saver, 605, 85, 5, 5012, 1998, 1751, 2998, 2390, 2, 5, 5 Star (Euro NCAP)," 8 Airbags (Driver, Passenger, 2 Curtain, Driver Side, Front Passenger Side, 2 Rear Passenger Side)",No information,No information,No information," 1 beep over 80kmph, Continuous beeps over 120kmph ",No information,No information,No information,No information, Remote with Boot Opener, Digital,No information,No information,No information,No information, Electronic 2 Trips,No information,No information,No information,No information,No information, Dynamic, Front & Rear, 360 Camera, Digital,No information, Digital,No information, Touch-screen Display,No information," Android Auto (Yes), Apple Car Play (Yes)",No information, 6+,No information, Phone & Audio Streaming,No information,No information,,No information,No information, Electric Tilt & Telescopic, Yes (Automatic Four Zone),No information," Two Zones, Individual Fan Speed Controls"," Two Zones, Vents Behind Front Armrest and on Pillars, Individual Fan Speed Controls", Driver & Co-Driver, Electronic - All, 2,No information,No information, Ventilated Disc, Ventilated Disc,No information,No information,No information,No information,No information,No information,, Leather," 14 way electrically adjustable with 2 memory presets (seat forward / back, backrest tilt forward / back, seat height up / down, lumbar up / down, lumbar forward / back, seat base angle up / down, extended thigh support forward / back) + 2 way manually adjustable (headrest up / down)"," 14 way electrically adjustable with 2 memory presets (seat forward / back, backrest tilt forward / back, seat height up / down, lumbar up / down, lumbar forward / back, seat base angle up / down, extended thigh support forward / back) + 2 way manually adjustable (headrest up / down)"," 6 way manually adjustable (seat forward / back, backrest tilt forward / back, headrest up / down)",No information, With Cup Holder, Front & Rear, Bench, Front & Rear, All, All,No information,No information, Body Coloured, Chrome,,, Metallic, Silver, Electrically Adjustable & Retractable,No information, Electric Opening and Closing, LED,No information,No information,No information, LED," LED on front, LED on rear", LED, Single Tone,No information, Black, Front and Rear, Multi-colour, Front & Rear,,No information,No information, Front & Rear,No information, Driver & Co-Driver,No information,, Optional,No information,No information, 2, Unlimited,No information, 6 Way,Audi RS Q8 4.0L TFSI, Optional,No information,No information, Torque-On-Demand,,,No information, Full, 40:20:40 split,No information,,No information,,No information, Intelligent,No information,No information,,, Electronic,,,,,,,,,No information,No information,,,,,,,,,,,,,,,,No information,,,,,, Yes
